surname,meaning
Вербоватая,аппаратчик азотирования
Годованная,воспитанник
Евтушенко,счастливый
Егорова,земледелец
Кривкова,кривой
Кужелева,кожа
Матвеева,божий дар
Меликян,владыка
Михеева,богоподобный
Морозова,мороз
Муругова,пятнистый
Мясищев,большой
Батищева,отец
Острикова,острый
Полякова,поле
Ревякина,плакса
Руденко,рыжий
Семенова,услышанный богом
Серегина,высокий
Сетраков,ситник
Ходыка,божий дар
Агапитова,любимый
Ахмедова,прославленный
Багдасарян,благодатная сила
Баскакова,сборщик податей
Белера,выделка кожи
Вороненкова,ворона
Денисенко,жизненные силы
Жукова,жук
Канеева,кровь
Карбышева,хомяк
Кошман,сплавщик леса
Крет,крот
Кужелев,кожа
Кузьменко,порядок
Курьянов,владыка
Лихушина,лихой
Ломакина,охотник на медведей
Лысова,лысина
Мануйлова,с нами Бог
Мясищева,большой
Одарюк,священнослужитель
Первухина,первый
Погорельская,поселение
Присс,достойный
Провоторова,честный
Радченко,герой
Резникова,мясник
Рудь,рыжий
Рябцева,пятнистый
Саркисьянц,высокочтимый
Сахарова,любимый
Солдатов,нанимать
Тютюнник,табак
Чжан,растягивать
Чунахова,семья
Чуриков,владыка
Чухно,чапан
Шураева,поселение
Эспитиа,общность
Юстина,справедливый
Аведова,желание
Аксёнова,растущий
Барышникова,торговец
Бессарабова,поселение
Бойко,боец
Водяницкая,поселение
Воронкина,черный
Гайломазова,великий месяц
Гаспарян,хранительно сокровищ
Гордиенко,гордый
Дрелина,дрель
Дубикова,дуб
Дышекова,золото
Евсенкова,благочестивый
Егорова,земледелец
Кашуба,племя
Козел,сила
Колесникова,мастер изготавливающий колеса
Коробка,короб
Котельникова,котельник
Краснова,красивый
Ласкина,ласка
Максимец,величайший
Марченко,молот
Масалова,моряк
Мельник,мельница
Мойсова,ребенок
Ражина,снаряжающий оружие
Топольская,тополь
Хлебникова,пекарь
Чернышёва,смуглый
Шаповалова,валяльщик
Шелковникова,шелковод
Богатская,поселение
Гадакчян,магия
Гончарова,гончар
Карагодская,золото
Кашурина,чесать
Кислица,капризный
Копанева,колодец
Косоножкина,косатый
Кочарян,коренастый
Кошель,предприниматель
Лобас,богатеть
Мезенцева,младший
Николаева,победитель
Требухина,обряд
Швецова,портной
Яровая,ярый
Бажуткина,любимец
Вартанова,розыгрыш
Володина,слава
Животкова,жизнь
Захарова,радость
Зимина,зима
Калашникова,калачь
Ковальчук,кузнец
Кузьминова,украшение
Мануйлова,с нами Бог
Назарова,посвященный Богу
Олексива,защитник
Панферова,чистый
Потанина,странник
Резуненко,резак
Сопранцова,надежда
Тимашова,почитающий бога
Ушаков,малый
Фомина,близнец
Фомичева,близнец
Щербакова,трещина
Айдогдыев,благородный
Бомбина,жабка
Боссерт,медвежья смелость
Варченко,варить
Виницкая,от города Винница на Украине
Гайбарова,крестьянин
Гиоргадзе,покровитель земледелия
Егоров,земледелец
Здесенко,здешний
Калениченко,добрый победитель
Калясьева,дровокол
Кобелева,собака
Кондратьева,кондор
Кошик,кошелёк
Линченко,конный экипаж
Лисогор,гора в лесу
Мамбетова,восхваляемый
Мартынова,воинственный
Мокроусова,пьющий
Оразбердиев,сын
Оразова,почетный
Поладова,садовод
Сапаров,поездка
Сапарова,поездка
Сапрыкина,благоразумный
Стоянова,стойкий
Ускова,лесная неухоженная поляна
Халилова,верный друг
Чугуевская,Чугуевка
Андриенко,мужественный
Бабенко,бабий сын
Бабкова,женщина в возрасте
Баша,овца
Гольцова,древесина
Евстратова,добрый воин
Егоров,земледелец
Жарова,огонь
Зинченко,богоугодно живущий
Карибова,близкий друг
Ковалева,кузнец
Козлова,Козел
Кондратьева,кондор
Лабазанов,сарай
Суворова,наездник
Фетисова,Богом созданный
Чекалкина,человек небольшого роста
Щекотова,щекотание
Азими,величайший
Акулинкина,картошка
Безъязычная,отсутствие языка
Богданова,богом данный
Бочарова,ремесленник
Васильева,царственный
Гирчук,лошадь
Грицинина,бодрствующий
Гусейнова,гусь
Зайцева,заяц
Ибрагимов,верный
Изосимина,жизнь
Исакова,радость Господня
Казицкая,стремиться
Ковтун,колтун
Колганова,крупный
Корсаков,степная лиса
Краевский,край
Кудинова,безопасный
Лободенко,день
Наумова,утешающий
Пайоуми,преданный слуга
Поночевная,ночной ребенок
Пузанова,упитанный
Супрунова,супруг
Терещук,молотить
Тишинян,тихая
Фетисов,богами сотворенный
Цой,копье
Щербаченко,щербатый
Аксенова,растущий
Андреева,мужественный
Бабичева,бабий сын
Гаврилова,божественный воин
Горевой,горевать
Громакова,соленая река
Дудина,дудка
Зеленькова,зеленый
Ивашин,благодать Божия
Исаенко,Яхве спасает
Калинченко,прекрасный победитель
Ковалева,кузнец
Колесникова,телега
Кравчук,портной
Крамарова,корона
Ларионова,радостный
Ляпина,нерасторопный
Масленникова,торговец маслом
Мягкова,мягкий
Нестерова,вернувшийся на родину
Паршина,целомудренный
Петровский,сын Петра
Рыбалка,ловля рыбы
Сохорова,голубь
Травкина,медицина
Троян,город
Хуссаини,поклявшийся Богу
Черкашина,Черкасы
Шац,сокровище
Щенникова,принцесса
Абрамян,сын Арамиса
Албохджаб,белый
Бабаева,старик
Байрамгельдыева,счастливое событие
Баландина,праздный шатун
Гондаренко,молодой человек
Гребенюк,маленький
Грицынина,ткань
Губасарян,вождение
Довгалева,длинноухий
Донскова,от реки Дон
Дубовскова,голландский дуб
Евдокимова,славный
Зубова,увезенный
Кадочникова,хлопчатобумажный
Каштанова,мироед
Кирнос,курносый
Лазарева,Бог мне помог
Липинская,лаймовое дерево
Манило,кивать
Митев,маленький бог
Мосияш,спаситель
Николаева,победитель народов
Охват,охват
Поливанова,орошение
Прокопенко,первородный
Пустовит,сельский староста
Тер-Аракелова,принц короля
Цыгикало,жилище
Шереверова,крошечное существо
Арутюнян,воскрешение
Бондаренко,бондарь
Гринченко,неопытный
Губина,дуть губы
Дулин,инжир
Жебель,роптать
Иващенко,молодой человек
Керимли,цветная вишня
Ковбарь,семья
Константинова,стойкий
Кузнецова,кузнец
Лаптева,лапоть
Макаренко,обмакивать
Мелконян,сын
Назаров,посвященный Богу
Пастушенко,пастух
Пищима,непослушный ребенок
Полякова,Поляк
Придворова,близкая к дворцу
Савченко,испрошенный у Бога
Сидак,влюбленный
Сильченко,лесной
Симонян,значимость
Тетюцкий,клюв
Тягненко,тянуть
Центомирская,отличный человек
Черниенко,черный
Шляховая,тракт
Шуманкова,благовещение Христово
Ялдунова,вместо искушения
Абдрашитова,слуга Всевышнего
Аль-Дирес,молоток
Бакулин,говорун
Бачурина,могущественный
Билоус,белый
Гасанов,красавчик
Граф,глазеть
Джамоус,согласие
Дыйканова,дышать
Журавлева,птичий
Игнатенко,огонь
Калинина,добрый победитель
Караева,могучий
Кикоть,кукушка
Конончук,трудящийся
Кучеря,Кучер
Лесникова,торговец лесом
Макридина,сын Макро
Маневска,удобный
Марченко,сын Марка
Миргородская,Миргород
Нартенко,норовистый
Сазонова,спасающий
Семченко,услышанный Богом
Смоленцева,смоленец
Степанян,венок
Тунаева,тунец
Умарова,долгожитель
Цыба,полный
Чиркова,птичий
Адоньев,окруженный почетом
Вакуленко,еловая шишка
Вершинина,вершина
Волкова,волк
Володин,владеющий миром
Исакова,смешной
Карагозян,черный перепел
Кузнецова,кузнец
Ломановская,разделять силой
Маленький,миниатюрный
Медведева,медведь
Отрокова,неженатый мужчина
Пируев,пир
Постельняк,лекарь
Радионов,розовый
Степаненко,венок
Черкасова,Черкасы
Абраменя,отец народов
Азарова,помощь всевышнего
Бабаян,сын отца
Бекетова,князь
Беликова,белый
Бойкова,ловкий
Буравлева,сверление дыр
Вединеева,благословенный
Вышебаба,превзойти
Геймбихнер,буковый дом
Голыдьбина,бедный
Дороненко,дарование
Егорова,земледелец
Еськова,бог умножит
Иванова,божья милость
Иванюшкина,божья милость
Исаева,спасение
Кологойда,постоянство
Коновальчук,лечить коня
Лебедева,лебедь
Минасян,умный
Мироненко,молодой человек
Муренькая,семья
Навозов,навоз
Нагорная,находящийся на вершине горы
Назарова,встающий очень рано
Паршикова,малый царь
Пестерева,болтливый
Петренко,скала
Погорелова,погорелец
Рындина,оруженосец
Сабакаева,бесстрашный
Саргсян,могущество природы
Семкина,уставший
Серпент,трусливый
Соколова,сокол
Солопова,колосок
Стрельникова,ремесленники изготовляющие стрелы
Тарасенко,мятежник
Трепин,говорливый
Тумасян,близнец
Фролова,цветущий
Ходунова,подвижный
Холаевская,великий
Худжаназарова,несчастный
Чернова,черный
Швегждо,священнослужитель
Яковенко,пятка
Волконская,вотчина на реке Волкони
Гончаров,гончар
Горковенко,картавый
Домущей,господин
Кириленко,хозяин
Коршикова,коршун
Краснова,красивый
Кудинова,безопасный
Кухно,бранить
Куценко,куцый
Мехедова,удачливый
Меховых,мех
Олейник,торговец растительным маслом
Плотникова,древодел
Поддубная,место где растет дуб
Поцелуева,лечение
Радионова,розовый
Романова,римский
Сафонова,спрятанный Богом
Сахно,мужественный защитник
Скрипка,скрип
Азаева,бог помог
Алистратова,главнокомандующий
Аль-Хаджадж,потомок паломника
Аникеева,победа
Беляева,светлый
Бутакова,ветвь
Власкина,грубоватый
Высоковская,высокий
Гиляндиков,из села Гилянд
Голубев,голубь
Григорян,бдительный
Деастинова,мастер
Копыльцов,копыто
Кривошеева,кривой мудрец
Кружилина,пристрастный к хмели
Куприкова,растение купырь
Мазур,сладость
Мельникова,владелец мельницы
Неофитова,недавно насажденный
Олейникова,маслобойщик
Омельченко,соперник
Рябцева,пестрый
Саядян,охотник
Скойбеда,сотворение беды
Счастливый,счастливый
Тимиргириева,сын Тамерлана
Шешняева,рисовые лепешки
Абаджян,лотос
Агишева,богатый
Аль-Асади,лев
Аль-Насер,помощник
Антонова,состязание
Бубнов,болтать без умолку
Бурляева,сильный
Водолеева,сосуд для умывания
Голохвастова,хвастаться
Дмитриенко,посвященный Деметре
Жукова,железный
Карелин,Белое море
Карпенко,плод
Крива,кривой
Лисица,лукавый
Лихоносов,некрасивый нос
Малайчик,семья
Маркосян,принадлежащий к семье Маркосовых
Маслова,торговец маслом
Морозова,зима
Никулина,побеждающий народ
Селиванников,бог лесов
Териаки,зверь
Тюпанская,храбрый
Устенко,маленький
Хен,постоянный
Цыбенко,длинная нога
Чайка,свободный
Якименко,поставленный Богом
Аникеенко,маленький
Березина,Береза
Бугаян,молния
Волошина,владеющий славой
Гниломедова,гнилой мёд
Давыдова,возлюбленный
Забитова,правитель
Ковалева,кузнец
Кузнецова,материнская
Маломуж,маленький
Мандрыко,стесненное пространство
Марущенко,маленький
Мушурова,пожилой
Нальгиева,голодный
Пинчук,Пинск
Погребнова,погреб
Стадник,пастух
Теплова,Теплый
Федосенко,Божий дар
Фролова,цветущий
Хабюк,светящийся
Чехлатова,маленькая шляпа
Чиркова,Чирок
Шамро,шуршать
Абрамова,отец народов
Айвазян,потомственные колдуны луны
Аракчеева,любитель выпить
Белан,белый
Беляев,обелённый
Бондаренко,бондарь
Буткова,полнеть
Журавлева,Журавль
Исхакова,будет смеяться
Карнеев,ягода кизила
Коваленко,кузнеца
Кожемякина,Кожемяка
Кононенко,трудолюбивый
Косьянова,пустой
Куралесова,весёлая
Медведкина,крупное насекомое
Морено,смуглый
Новикова,прихожий
Пилипенко,любящий лошадей
Терентьев,награда
Федина,дар богов
Фериг,сильный
Филимонов,целующийся
Шарипова,благородный
Шепелева,шепелявить
Ярошенко,богопоклонник
Адамова,человек
Алзохаили,острый меч
Анисина,полезный
Бурмистрова,мэр
Быстрова,проворный
Ганусенко,милость
Глазатова,широко раскрытые глаза
Грахова,горох
Иващенко,маленький
Ивченко,сын Ивана
Исламкина,покорность
Кандаурова,эпоха
Ковалева,кузнец
Колесникова,колесо
Кононова,трудящийся
Кравченко,портной
Манжуров,победа
Османова,могущество
Передерий,рваный
Пономарева,прислужник
Рыковская,громкий крик
Савинова,мудрец
Савченко,испрошенный у Бога
Свирина,дар души
Срибная,серебряный
Тадевосян,благодарение
Фоменко,близнец
Шураева,поселение
Юрова,голова
Алексеева,защитник
Бийгереева,смелый
Вильцева,деревня
Коломеец,добытчик соли
Мазовка,мазать
Пантелеева,совершенство
Пинчук,Пинск
Плетнева,плетня
Синельникова,красить ткани
Сосова,здравый
Тесницкая,Тесница
Шевченко,портной
Аббасова,лев
Арский,удмурт
Бияк,бойкий
Власова,простой
Казанская,казан
Костылин,костыль
Кочурова,селезень
Можарова,поселение
Нам,юг
Огинский,дворянин
Пацурия,пастух
Перов,писарь
Пономарева,прислужник
Родыгина,герой
Рыбянец,рыболов
Сальникова,сало
Сафонова,спрятанный Богом
Туманова,туман
Уколова,доля
Худоярова,худой
Целуева,целость
Яковенко,следующий по пятам
Яцевская,охотник
Авакова,обнимающий
Величко,великий
Волошко,владеющий миром
Зоричева,заря
Касай,щедрый
Ковбель,веселый
Крыловская,поселение
Лобода,белый
Матвиенко,могущественный
Москаленко,Москва
Рагозина,тростник
Рафаелян,исцеленный богом
Савченко,старец
Сенкевич,бог слышит
Сергеева,высокочтимый
Сидорова,плодородие
Стальская,сталь
Терещенко,тереть
Тимошенко,почитающий бога
Ткаченко,ткач
Факеева,тюлень
Частковская,частый
Шарина,медный
Абдуллоев,раб Аллаха
Авдеева,слуга Божий
Бударина,беспокойный
Васильева,царственный
Ващилина,приносить в жертву
Галушкина,галушка
Дерябина,скрести
Жураев,друг
Зотин,животворный
Ключко,костыль
Короленко,гордый
Костенко,стойкий
Лихошерстов,волосатый
Мамренко,молот
Панарина,барин
Склярова,стеклодув
Фисенко,украшенный цветами
Ходыкина,подвижный
Чепелева,чепец
Амирханян,правитель
Беляева,обелённый
Броновицкая,крепкий
Вдовиченко,вдова
Волков,волк
Генералов,могучий
Голубовская,голубь
Далакишвили,цирюльник
Демецкая,чистый
Евсеев,благочестивый
Кислов,капризный
Колесниченко,колесо
Митрофанова,матерью явленный
Павлова,скромный
Рогачев,могучий
Семенов,услышанный Богом
Скилевой,отделившийся
Смирнова,смирный
Соболев,соболь
Трухина,труха
Бабюк,рыба
Волкова,волк
Голофаст,хитрый
Дубров,дуб
Исаева,спасение
Кобзин,кобза
Колесник,колесо
Кольцова,кольцо
Лугарев,луг
Москвичева,Москва
Надина,надежда
Пак,тыква
Приходько,приход
Смирнов,смирный
Темирханова,железный
Чередниченко,пастух
Шевченко,портной
Югай,превосходный
Ягудинов,ягода
Багагозян,начало
Бойдыш,божественный мир
Бударина,лодка
Бурова,темно-русый
Васильева,великодушный
Викленко,слава Божья
Винникова,винокур
Гражданкин,городской
Кузнецова,кузнец
Кузнецова,кузнец
Кулинцов,кузнец
Микулина,победитель
Нечипоренко,победитель
Подгорнова,подгорный
Подолякина,подол
Рыбалко,рыбак
Рябова,пятнистый
Сиверина,строгий
Тибай,река
Хлеб,хлеб
Чубрикова,длинноволосый
Шалабаева,сорвиголова
Шевченко,портной
Щекин,щекастый
Юсеф,Бог умножит
Атабекян,дар
Барышникова,барыга
Бушова,смелый
Вова,владеть миром
Волкова,волк
Горбанева,горбатый
Горковец,гора
Гридина,бодрствующий
Грищенко,почтальон
Другова,верный
Забейворота,закрытость
Колганова,колган
Кравченко,портной
Ли,луг
Лимасова,граница
Носова,нос
Подгайко,роща
Попова,священник
Прозоровская,поселение
Саакян,весёлый
Самойленко,услышанный Богом
Саркисян,высокочтимый
Супрунова,благоразумный
Татаркова,иноземец
Хаехян,честный
Хоруженко,знаменоносец
Шеневская,поселение
Акимова,поставленный богом
Бобряшов,бобр
Горюнова,горе
Ефанова,известный
Жук,жук
Ковалева,кузнец
Коваленко,кузнец
Кожеуров,рыбак
Литвинов,поселение
Магдесиева,меткий
Нижерадзе,ракушка
Обыденова,обыденный
Орлова,орёл
Палий,поджигатель
Полонская,безлесное место
Прошкина,заводила
Родницкая,поселение
Сапронова,благоразумный
Сергеева,высокочтимый
Сутулина,сутулый
Тагаева,конь
Тарасов,беспокойный
Тимошенко,почитающий бога
Титова,почет
Федорова,божий дар
Шевцова,портной
Шибаева,буйный
Штукатурова,чистый
Бабенко,бабий сын
Базилевская,царь
Гацуцев,танцевать
Головина,сын Головы
Ефанова,известный
Ильичева,Бог мой Яхве
Казнов,казна
Маслов,торговец маслом
Мезиане,поселение
Морозов,зима
Нетребова,необитаемое место
Павленко,малый
Пасечник,пасека
Покатило,покатить
Прохорова,управляющий хором
Пушичкина,легкий
Сафонова,спрятанный Богом
Тузбая,река
Федоров,божий дар
Финошина,потомок Афины
Фролова,цветущий
Щигорева,израненный шрамами
Юхименко,маленький
Бадулина,бодаться
Белялова,исцеляющий
Болдырева,лошадь
Демченко,маленький
Ежикова,колючий
Зинченко,богоугодно живущий
Казарян,плотник
Казначеевская,казна
Кароян,мудрый
Кисиль,Кисель
Минькина,луна
Нетяженко,невесомый
Пестрецова,разноцветный
Петренко,скала
Полюляк,поляк
Свеколкина,свекла
Семичева,слышаший Бога
Соловьева,птичий
Солостова,солнечный
Туркова,турок
Шахбазова,король сокол
Агаи,старший брат
Аникеева,Бог милует
Анисимова,благодетельный
Арамянц,сильный
Афанасьева,бессмертный
Балари,сын
Гайбуллаева,уличный
Гладков,здоровый
Горлачева,горло
Езенкова,быстрый
Исаева,спасение
Капустина,капуста
Ковалевский,кузнец
Коломайнен,третий номер
Котченко,кот
Кравцов,портной
Кравцова,портной
Лизогуб,облизывающий губы
Мамадброимова,учитель
Мельничук,мельница
Мурадалиева,желание
Нелидина,сын льва
Никулина,побеждающий народ
Новикова,новожил
Прядкина,прядь
Пурикова,хитрый
Сергеева,страж
Склярова,стеклодув
Троцько,прогалина
Файзрахманова,милосердный
Шадыжева,дочь Ивана
Шаповалова,валяльщик
Шевченко,портной
Бабасева,старик
Бедоева,бравый
Великая,великий
Верещагина,ворчун
Воронова,ворон
Григорь,бодрствующий
Григорьева,бодрствующий
Гриценко,бодрствующий
Карпец,маленький
Кобякова,собака
Кузнецова,кузнец
Лаптева,лапоть
Малик,царь
Митракова,найденный матерью
Панасовская,бессмертие
Пожитнева,власть
Семеняк,семя
Толстенко,толстый
Фролова,цветущий
Абдельхалек,дарованный Богом
Вербицкая,верба
Гвоздиков,гвоздика
Григорьева,бодрствующий
Гринева,бодрствующий
Дигалова,гнуться
Добряков,добро
Доценко,славный
Жила,скупой
Золотарева,ювелир
Зубкова,здоровый зуб
Калинина,добрый победитель
Кашицына,каша
Колмогорова,Холмогоры
Кондакова,ружейное ложе
Кошевая,аул
Крайненко,край
Мильчинская,дворянин
Савинова,мудрец
Санина,мужественный защитник
Снеговая,зима
Сущенкова,сущность
Фарафонова,спутник
Фуртуна,страшный
Хассан,родился на рассвете
Чувараян,страж
Ширшова,шершень
Акулова,орёл
Боровая,откормленный кабан
Вирченко,водоворот
Дашутина,победитель
Дровянников,дерево
Елисеев,Бог спасает
Карслян,из рода Карслы
Клименко,милостивый
Кобзева,балалайка
Кулиш,пшенная каша
Макаров,счастливый
Мардиросова,мандарин
Мироненко,благоухание
Молчанова,тихий
Никитина,победитель
Остросаблина,острая сабля
Панкова,всесильный
Панченко, небольшой барин
Попова,священник
Рычун,дикий
Стрельцова,стрелок
Стужук,сильный холод
Терещенко,растирать
Филькова,любитель коней
Шабалина,болтать
Эдилян,справедливый
Белозерских,Белозерск
Блинова,блин
Гуртовщикова,гур
Касьян,пустой
Катричев,чистая
Ким,золото
Козлова,козел
Конарева,ветвь
Косых,косоглазие
Крымская,великодушный
Кузнецов,кузнец
Мысочка,белка
Панасенко,бессмертный
Плюшинская,плюш
Попов,священник
Раджабова,надежда
Романенко,римлянин
Титаренко,сельский церковный староста
Шумкова,шум
Аванесова,Бог милостив
Алтунян,золотой
Бобрик,бобр
Гончарова,гончар
Ероян,относящийся к роду Еро
Кантеладзе,черная черепаха
Караичев,смерть
Коняхина,трудящийся
Курченко,цыпленок
Мазко,мазать
Мельникова,мельник
Погосян,Бог
Подгорнов,у горы
Рудницкая,руда
Салимова,мирный
Сорокун,сорока
Тукалова,стучать
Фадеева,достойный похвалы
Шахназарян,король королей
Анникова,узорчатый
Болдырев,лошадь
Власова,простой
Гусейнова,гусь
Диденко,принадлежащий Диду
Зубарев,длинные зубы
Иванютина,одобренный Богом
Колода,набор карт
Куропятникова,куриное пятно
Маданбекова,хозяин шахты
Москаленко,солдат русской армии
Муратова,желание
Рафальская,Бог излечил
Репенко,редис
Рец,житель города Режица
Ржевский,Ржева
Середа,среда
Сураилиду,солнечный
Сурикова,красителя красно-рыжего цвета
Тымчишина,помощник
Хоружая,кровавый лук
Яровикова,огненный
Бородина,окладистая борода
Винскявичус,мудрая девушка
Гончаренко,гончар
Григоренко,бодрствующий
Дудка,громкий
Калачёва,пекарь
Кривич,фальшивый человек
Лозина,великодушный
Мироненко,благоухающий
Мищенко,кто как Бог
Новикова,новожил
Павлова,скромный
Понятовская,княжеский род
Режко,курица
Родзинская,деревня Родзи
Сливканич,сладкий
Стенякина,венок
Степанов,венок
Строганова,изувечанный
Хребтова,хребет
Шапкина,шапка
Богданова,богом данный
Докукина,докучать
Домашенко,родной
Ибрагимова,патриарх
Ковалева,кузнец
Кулишова,похлёбка
Медведева,медведь
Осипова,Бог преумножит
Пелых,хохолок
Целуйко,целовать
Бароян,воля
Болотова,болото
Бондарев,бондарь
Бондаревская,бондарь
Бражкина,брага
Бурмистрова,червяк
Верченко,истина
Грибцова,гриб
Деревянко,дерево
Езерская,озеро
Киященко,початок кукурузы
Колмаков,калмык
Кохан,жрец
Кузьмина,мироздание
Ларина,веселый
Лымарева,высокий
Максимченко,величайший
Мальцева,юноша
Мартазинова,мартак
Мартакова,хрупкий
Маслова,торговец маслом
Наумова,утешающий
Нерсесян,верный
Нечитайлова,чтивый
Пачулия,оброк
Проскурина,просфор
Птицына,птица
Рощина,роща
Сафарян,книга
Смирнова,смирный
Сошникова,соха
Стороженко,сторожила
Суслова,сусло
Титова,почет
Трухан,роскошь
Шаталова,шальной
Авакян,обнимающий
Бадирова,лучший
Бекова,господин
Вонсович,усы
Козицкая,козёл
Круглянская,круг
Кухно,бранить
Назарова,посвященный Богу
Прядкина,прядь
Пушкина,лучший
Резанова,раненный в бою
Серебрянская,серебро
Торопыно,быстрый
Трофименко,кормилец
Чаава,жизнь
Белова,опрятный
Волкова,волк
Гайдаенко,путешественник
Корнилова,рог
Кравченко,портной
Малахова,посланник мой
Махмудова,прославляемый
Палеева,бледный
Писарева,писарь
Путилова,поселение
Семенова,услышанный Богом
Ужинская,уж
Акулова,орёл
Бокотей,хлеб
Бортникова,пчеловод
Буйлова,буйвол
Жукова,жук
Жукова,жук
Золотая,золото
Кабринец,прятать
Карелина,стадо
Клитная,амбар
Кравцова,портной
Крымова,великодушный
Лосева,мощный
Мельник,мельник
Михалко,кто подобен Богу
Мурысева,темные волосы
Османова,могущество
Симоненко,маленький
Смыслова,задумывать
Спирькина,сын Спирки
Улюмджиева,мудрость
Фор,деятель
Цабринова,цабрия
Арестакесян,святой защитник
Афанасьева,бессмертный
Воронина,ворона
Гетманова,командир отряда
Гончарова,гончар
Пыжьянова,морская рыба
Семко,услышанный Богом в молитве
Сыздыкова,чертить линию
Хисматуллина,слуга Бога
Чалахян,честный
Ярошенко,богопоклонник
Абдикаюмов,раб Бога
Амирян,повелитель
Балдина,болван
Безнос,грудь
Бородина,покладистая борода
Бурняшева,перегонять
Вандышева,всякая мелкая рыба
Гоголева,водоплавающая птица
Гонта,тонко вытесанные деревянные дощечки
Гуров,земледелец
Домбаева,горный
Дурова,веселый
Жгун,прожигатель
Ибрагимова,патриарх
Кабатов,длинная рубаха
Канищев,трудящийся
Кожокарь,скорняк
Кравцова,портной
Куартова,четвертый
Куделина,пучок шерсти
Куцова,коренастый
Лычко,молодая древесина
Манвелян,дитя
Маркова,сын Марка
Мартенс,посвященный воин
Музалова,творческий
Романко,правдивый
Рябинина,негладкий
Селицкая,крестьянское селение
Сильченко,лесной
Тестова,испытание
Толмасова,не устанет
Шевченко,портной
Яхия,Живой
Акинин,живительный
Ачкасова,очкас
Васильченко,царский
Гапунич,керамист
Гетманова,капитан
Гончаров,гончар
Грязнов,неопрятный
Джумамырадова,светлое лицо
Евдокимова,славный
Емельяненко,трудолюбивый
Захарина,сын Захара
Иванян,подарок от Бога
Калашников,пекарь
Колесник,колесо
Кривко,кривость
Кувшинова,мастер
Кундылева,перевозчик
Кухтина,высокий
Левченко,маленький
Майбенко,дружный
Мелконян,сын
Мозговая,толковый
Олейникова,маслобойщик
Панченко,небольшой барин
Перминов,пермяков
Попова,священник
Рябова,неровный
Титаренко,сельский церковный староста
Царегородцева,правитель
Цыганкова,цыган
Черников,черный
Шелуха,крошка
Антонова,противоборец
Бабарицкая,красивый
Багдасарова,богатство
Болыко,хлеб
Воропай,разбой
Галаева,молочный
Глотова,обжора
Горшкова,гончар
Губа,обидчивый
Добрикова,добрый
Емцева,пошлина
Ефремова,плодовитый
Зейдляев,процветание
Иордекеску,красивый
Калинина,добрый победитель
Кобзева,балалайка
Козичева,коза
Левченко,маленький
Лиманова,лидер
Манекина,манекен
Мельниченко,мельник
Мишура,корзинка
Орлова,орёл
Пришутов,весёлый
Равдугина,правда
Сеньковская,хозяйственный
Сергатова,высокий
Силонова,лесной
Сорокаева,сорока
Сыряная,сырость
Татаренко,татарин
Тращенко,пугать
Чернокалова,слабая накалка железа
Шевченко,сын
Щербанева,гнездо
Абрамчук,великий отец
Авдеева,слуга Божий
Андрианов,мужественность
Атапина,не знающий горя
Безуглая,приют
Бондаренко,бондарь
Бреус,горячий
Вакуленко,пастух
Гайтота,уличный
Гатченко,маленький
Глинская,литовский княжеский род
Иванкова,божье вознаграждение
Исаев,спасение
Квиникадзе,сын
Кириллов,господин
Когтеева,острый
Колесникова,колесо
Кометиани,Комета
Кордюк,сабля
Корон,король
Костюк,стойкий
Кошлаков,молодая морская выдра
Кравцова,портной
Красовская,красивый
Кривошеева,кривая шея
Куринова,господний
Мордвинова,Мордвин
Мун,ворота
Полторанина,крупный
Рязанцева,мелкие яблочки
Сикорова,синица
Сологуб,торговец
Ткаченко,молодой человек
Торосян,энергия
Филонова,привязанность
Чубукина,трубка
Штырина,стержень
Бородавка,борода
Ващенко,маленький
Гамула,вести за собой
Горденко,высокий статус
Демина,слышащий Бога
Ивакина,подарок Божий
Кадиев,правосудие
Кардава,обрыв
Карлова,смелый
Ковалева,кузнец
Ковура,вспыльчивый
Колесова,беспокойный
Крутикова,мошенник
Кузнецова,кузнец
Лузан,кисель
Оглы,сын
Пахомов,широкоплечий
Полоусова,усы
Садчикова,огород
Сергеев,страж
Удовенко,маленький
Федченко,дар богов
Хохлова,чуб
Шипачёва,профессиональный
Агапова,любить
Балабанов,шутник
Богданов,богом данный
Бурнос,просторное пальто
Васильченко,царский
Веренич,суетливый
Гваладзе,поселение
Геревенко,высокий
Дмитриева,плодородие
Дмитриева,плодородие
Зехова,глазеть
Карпенко,плод
Левина,лев
Лубяная,липовая кора
Маслова,торговец маслом
Махонина,маленький
Милкина,милый
Носова,нос
Панфёрова,чистый
Петрова,камень
Сысоева,беломраморный
Урывская,рвать
Цвид,цвет
Чумакова,извозчик
Артюх,здоровый
Бедусенко,беда
Беляева,светловолосый
Воробец,воробей
Городилова,ограда
Григорович,бодрствовать
Дусматова,умный
Земницкий,зимник
Кнышова,булочка
Куламиец,кулик
Литвинов,поселение
Литвинов,поселение
Максимович,величайший
Николаенко,победитель
Никонова,победитель
Новиков,новичок
Ракитин,победитель
Рыжкова,рыжеволосый
Трегубов,рассеченная губа
Усепова,рассудительный
Устенко,воин
Федоров,божий дар
Федотов,данный Богом
Чиркова,утка
Борзенко,маленький
Борисова,борющийся за славу
Высоцкий,поселение
Година,прекрасный
Горбачев,горбатый
Добриков,отзывчивый
Золотарев,ювелир
Каплаухова,капля
Кравченко,портной
Ламтева,поселение
Марыгина,пятно
Михеев,богоподобный
Нанян,добрый
Петрусенко,маленький
Прокопенко,первый
Степанова,венок
Суркичанова,здоровый
Трофимов,кормилец
Хамасуридзе,умный
Шемякова,шея
Юлин,кудрявый
Амбарцумян,сияющий в небе
Балабаева,пустомеля
Бурова,темно-русый
Долгов,высокий
Евстафьев,хорошая слава
Жукова,жук
Зарудняя,руда
Золотько,золото
Кохнюк,конь
Кумуржи,угольщик
Куркина,лесная чаща
Левая,левша
Морхова,ткань
Панкратова,всевластный
Помельников,помело
Попова,священник
Посиделова,сиделка
Припута,допускать
Прокофьева,успех
Туманова,туман
Физлахметова,сильный
Холмогорова,холмистый
Чумакова,торговец
Шандра,крапива
Авдюшкина,священнослужитель
Бабасинова,старший
Бабова,баба
Бибик,пить
Богатырёва,богатырь
Бочарова,бочка
Бочкарь,крупный
Гавриленко,мужественный
Демьяненко,уважаемый
Дубниченко,дуб
Куимчиди,большой
Ларина,веселый
Олейник,масло
Павлюков,первоверховный
Письменная,писарь
Помазкова,крещение
Самощенко,маленький
Сергеев,страж
Старюк,мудрый
Таранова,таран
Чернуха,темноволосый
Чернышов,темноволосый
Шепелькова,власть
Богачёва,изобилие
Бочковская,бочка
Вдовина,вдова
Зайцева,заяц
Ковалева,кузнец
Коротина,короткий
Маракин,пачкать
Молибогова,молитва
Петров,скала
Пономаренко,пономарь
Прилипко,липнуть
Прокофьев,успех
Скубак,щипать
Соболева,соболь
Тертычная,тертый
Уразметова,радость
Урюпина,неряха
Федоров,божий дар
Фомин,близнец
Цыбуля,лук
Якименко,поставленный богом
Аведян,новость
Алдатов,воин
Ботвинникова,зелень
Вахнина,милость
Гришмановский,приветсвующий
Евченко,известный
Жумагазиев,умный
Иванова,благодать
Клорикян,высокий
Морозова,зима
Попова,священник
Савельева,испрошенный
Синельникова,синий
Степанова,венок
Тишков,маленький
Толордава,полный
Шевцова,сапожник
Арапов,шулер
Бабаева,старик
Бестужева,морозоустойчивый
Бучкарик,задира
Войцешко,воин
Григорян,бодрствующий
Гусейнли,добросовестный
Иванов,благодать
Коваленко,кузнец
Кокотун,короткий
Кривобокова,перекошенный
Кудинова,безопасный
Лукьянова,блеск
Мацкевич,божий
Михайленко,кто как Бог
Паклина,кора
Поротникова,присягнуть
Потыка,смелый
Тесля,столяр
Чалик,связывать
Альтшулер,старая синагога
Анацкая,отмеченный милостью Божией
Асмолов,умный
Байрамова,праздник
Балановский,калина
Барбосов,борода
Бережная,беречь
Березина,береза
Браева,отец народов
Варданян,воин
Гречаниченко,гречка
Грищенко,почтальон
Долгов,высокий
Казакова,скиталец
Калинкина,победитель
Карабий,черный камень
Кичинина,гордый
Костромина,река
Марченко,маленький
Мачуло,кора молодой липы
Мбуту,высокий
Настыч,мужественный
Нелюбина,неприглядный
Пехтерева,кошель
Подмогильная,могила
Путяков,путь
Рудиченко,рыжеволосый
Сачко,засмеяться
Черных,черноволосый
Шалабода,шалить
Щербак,одноконный извозчик
Александров,защитник
Алехина,защитник
Бабченко,женщина
Бодрова,бойкий
Борзенко,маленький
Варнавский,утешение
Гайдай,холм
Губанов,губа
Данилова,Бог мой судья
Дашиян,камень
Капраленко,воин
Карпенко,плод
Катькалова,чистый
Кузнецова,кузнец
Кучма,высокая копна волос
Ланина,благосветный
Лаптева,благосветный
Михайлова,подобный Богу
Новосельцева,переселенец
Носиков,нос
Полежаев,ленивый
Рязанов,воин
Савченко,старец
Сагинашвили,мужественный
Соколова,доблесть
Тодосан,сын Тороса
Федотова,данный богами
Чепланова,каравай
Ширяев,широкоплечий
Агеева,торжественный
Андрейко,храбрый
Антипова,упорный
Атамас,мастер
Буталеб,желающий
Вершинина,вершина
Гайбарян,уличный
Герасимович,уважаемый
Гончар,гончар
Зиброва,жевать
Кептя,храбрый
Киракосян,летописец
Куликова,кулик
Леонов,лев
Лунин,блеск
Магомедова,прославляемый
Мишагина,благонравный
Наумчук,утешающий
Рудь,рыжеволосый
Садат,благоразумие
Сакунова,сочный
Седова,светловолосый
Семенчук,слушающий
Фомина,близнец
Айдемирова,яркий
Айдинян,лучезарный
Гишян,изгнанный
Гуледани,шумный
Дудкина,дудка
Золотухина,золотистые волосы
Ким,золото
Курьянов,владыка
Кухаренко,повар
Лебедева,изящный
Масленникова,масло
Павлова,малый
Рипли,рубильщик
Ромашова,римлянин
Славко,славка
Шаповалова,валяльщик
Шнейдер,портной
Абих,север
Аль-Акби,правитель
Лебедева,изящный
Перевалова,упряжка
Серебрякова,серебрянник
Ганус,родник
Горбачева,горб
Деминова,сухой
Печеникина,печь
Плотникова,древодел
Постникова,пост
Салах,благополучие
Сотниченко,командир
Фасси,бочка
Чеботарева,сапоги
Шаульский,одолженный у Бога
Али,высокий
Бен,сын
Ефимова,благочестивый
Исмаилова,Бог слышит
Хассан,мужественный
Азизова,дорогой
Айропетьянц,покровитель
Беляева,свободный от подати
Гильдеева,храбрый
Голубцова,деревянный крест с двускатной крышей
Душенко,мужественный
Еланская,река
Калиниченко,победитель
Маковецкая,молот
Нарыжная,порыжеть
Недайвозова,возить
Радченко,герой
Рыжикова,рыжеволосый
Савченко,старец
Самойлова,испрошенный
Спатарь,стулья
Терещенкова,назойливый
Чудинова,поселение
Аленцов,природа
Данелян,правитель
Дугарцыренова,старший
Дурицкая,праздный
Каргина,ворона
Каримова,великодушный
Майданенко,площадь
Серяпова,серый
Толбатова,колотушка
Уварова,виноградная кисть
Шакер,старший
Будянская,поселение
Емцева,пошлина
Кадацкая,поселение
Кищенко,корзина
Кожанова,кожа
Надолинский,вниз
Романова,римский
Рыбас,рыбак
Соловьева,птичий
Стукова,стучать
Тванба,сильный ветер
Третьякова,третий
Троепольская,поле
Феофилактова,Богом хранимый
Чорная,податный
Балахнина,ворота
Беро,мудрый
Десятник,городовой
Кулешова,кулеш
Лядская,принадлежащий поляку
Моисеева,дитя
Панькина,всесильный
Писачук,писарь
Степа,венец
Умывакина,чистоплотный
Алавердиян,Аллах дал
Асриян,эпоха
Гогичаева,храбрый
Горбуля,горб
Епихина,явление
Живагина,чудак
Ивашкина,божья благодать
Кравцова,портной
Ламтева,поселение
Манжилевская,устойчивый
Оболенская,поселение
Сердюкова,проводник
Сивокобыльская,привлекательный
Тертычная,пекарь
Черкашина,поселение
Шинкарева,таверна